{
    "Y": 2268.177375117046,
    "Y_per_run": {
        "run1": 369.11556162987756,
        "run2": 1113.7815906780688,
        "run3": 5367.823028451599
    },
    "features": [
        "co2",
        "ph",
        "tds",
        "turbidity"
    ],
    "target": "co2",
    "time_step": 7,
    "fog_day0": 2892.0,
    "runs_used": [
        "run1",
        "run2",
        "run3"
    ],
    "total_sequences": 5954,
    "metrics": {
        "MAE": 0.3129130518598978,
        "RMSE": 0.7054887686615384,
        "MAPE": 8.927134104690209
    }
}